{
  "mae": 0.2603317052380856,
  "r2": 0.956425954805242,
  "n_train": 537,
  "n_test": 135,
  "trained_at": "2026-07-23 01:02:41"
}